{
   "processingNotRequired": {
      "FilesystemVerifierActionTime": 387514.0,
      "PostInstallRunnerActionTime": 2000.0,
      "avg_download_speed": 102435.0,
      "bootId": "5ac589bd-37df-44c1-aad8-d43ec1ec78c9",
      "downloadActionTime": 262844.0,
      "errorCorrectedCount": 0,
      "isSecureHardware": true,
      "payloadTotalAttempts": 1,
      "updateOperationReplaceTotalTime": 34.0,
      "updateOperationSourceBsdiffTotalTime": 0.0,
      "updateOperationSourceCopyTotalTime": 28851.0,
      "updateOperationZeroOrDiscardTotalTime": 1447.0
   },
   "processingRequired": {
      "downloadPercentageAdminApn": 0.0,
      "downloadPercentageCellular": 0.0,
      "downloadPercentageProxyCellular": 0.0,
      "downloadPercentageWifi": 100.0,
      "downloadTotalSize": 26216447,
      "downloadTotalTime": 652617.0,
      "errorCode": 0,
      "networkId": 1360615362573.0,
      "networkType": "WIFI",
      "sessionAttemptResult": 0,
      "sessionDownloadDuration": 652603.0
   }
}